[
  {
    "name": "Dr. Alice Twemlow",
    "url": "https://alicetwemlow.com/"
  },
  {
    "name": "James Dyer",
    "url": "https://jamesdyer.co.uk/"
  },
  {
    "name": "Nick Deakin",
    "url": "https://www.nickdeakin.com/"
  },
  {
    "name": "Gabriele Ferri",
    "url": "https://www.gabrieleferri.com/"
  },
  {
    "name": "Gabriel A. Maher",
    "url": "https://www.gabrielmaher.xyz/"
  },
  {
    "name": "Kees Dorst",
    "url": ""
  },
  {
    "name": "Ezio Manzini",
    "url": ""
  },
  {
    "name": "Paola Antonelli",
    "url": ""
  },
  {
    "name": "Louise Schouwenberg",
    "url": ""
  },
  {
    "name": "Ruedi Baur",
    "url": "https://ruedi-vera-baur.eu/fr"
  },
  {
    "name": "Metahaven",
    "url": "https://metahaven.net/"
  },
  {
    "name": "Beatriz Colomina",
    "url": ""
  },
  {
    "name": "Anthony Dunne",
    "url": "https://dunneandraby.co.uk/"
  },
  {
    "name": "Fiona Raby",
    "url": "https://dunneandraby.co.uk/"
  },
  {
    "name": "Stuart Walker",
    "url": ""
  },
  {
    "name": "Pete Fung",
    "url": "https://www.petefung.com/"
  },
  {
    "name": "Silvio Lorusso",
    "url": "https://silviolorusso.com/"
  },
   {
    "name": "Afonso de Matos",
    "url": "https://afonsodematos.com/"
  },
     {
    "name": "Gijs de Boer",
    "url": "https://www.supergijs.com/#"
  },
       {
    "name": "Patricia Reed",
    "url": "https://aestheticmanagement.com/"
  },
         {
    "name": "The Rodina",
    "url": "https://www.therodina.com/"
  },
           {
    "name": "Vit Ruller",
    "url": "https://www.therodina.com/"
  },
             {
    "name": "Tereza Ruller",
    "url": "https://www.therodina.com/"
  },
               {
    "name": "Anab Jain",
    "url": "https://superflux.in/#"
  },
               {
    "name": "Jon Ardern",
    "url": "https://superflux.in/#"
  },
                 {
    "name": "Superflux",
    "url": "https://superflux.in/#"
  }
]
