{
  "contextual_scores": {
    "embeddedness_keywords": {
      "everyday": -1.0,
      "local": -0.9,
      "community": -0.85,
      "historical": -0.8,
      "embedded": -0.75,
      "contextual": -0.7,
      "agency": -0.6,
      "empowerment": -0.55,
      "participatory": -0.5,
      "collective": -0.45,
      "distributed": -0.4,
      "care": -0.35,
      "justice": -0.3,
      "responsibility": -0.25,
      "situated": -0.2
    },
    "speculative_keywords": {
      "material": 0.2,
      "artefact": 0.3,
      "making": 0.35,
      "research-through-design": 0.4,
      "practice-based research": 0.45,
      "participation": 0.5,
      "scenario": 0.6,
      "design fiction": 0.65,
      "world-building": 0.7,
      "speculative design": 0.75,
      "alternative": 0.75,
      "provocation": 0.85,
      "friction": 0.8,
      "speculation": 0.8,
      "speculative futures": 1.0
    }
  },
  "embedded_keywords": {
    "situated": ["situated", "situating"],
    "contextual": ["contextual", "contextually", "context"],
    "embedded": ["embedded", "embedding"],
    "historical": ["historical", "historically", "history"],
    "everyday": ["everyday", "daily"],
    "local": ["local", "locally"],
    "community": ["community", "communities", "communal"],
    "agency": ["agency", "agentive"],
    "empowerment": ["empowerment", "empower", "empowering"],
    "participatory": ["participatory", "participation", "participate", "participating"],
    "collective": ["collective", "collectively", "collectivity"],
    "distributed": ["distributed", "distribution", "distributing"],
    "care": ["care", "careful", "carefully", "caring"],
    "justice": ["justice", "just", "justly"],
    "responsibility": ["responsibility", "responsible", "responsibly"],
    "making": ["make", "making", "made", "maker", "makers"]
  },
  "speculative_keywords": {
    "speculation": ["speculation", "speculative", "speculate", "speculating"],
    "speculative_design": ["speculative design"],
    "speculative_futures": ["speculative future", "speculative futures"],
    "design_fiction": ["design fiction"],
    "world_building": ["world-building", "world building", "worlding"],
    "scenario": ["scenario", "scenarios", "scenario-based"],
    "alternative": ["alternative", "alternatives", "alternatively"],
    "provocation": ["provocation", "provocative", "provoke", "provoking"],
    "friction": ["friction", "frictions"],
    "material": ["material", "materials", "materiality"],
    "artefact": ["artefact", "artefacts", "artifact", "artifacts"],
    "research_through_design": ["research through design", "research-through-design"],
    "practice_based_research": ["practice-based research", "practice based research"]
  },
  "critique_keywords": {
    "critique": ["critique", "critiques", "critiqued", "critiquing"],
    "critical": ["critical", "critically", "criticality"],
    "interrogate": ["interrogate", "interrogates", "interrogated", "interrogating", "interrogation"],
    "problematize": ["problematize", "problematizes", "problematized", "problematizing"],
    "question": ["question", "questions", "questioned", "questioning"],
    "reframe": ["reframe", "reframes", "reframed", "reframing"],
    "reflexive": ["reflexive", "reflexivity", "reflexively"],
    "positionality": ["positionality", "positional", "positioned", "situatedness"],
    "ideology": ["ideology", "ideologies", "ideological"],
    "power": ["power", "powers", "powerful"],
    "ethics": ["ethics", "ethical", "ethically"],
    "accountability": ["accountability", "accountable"],
    "post_critical": ["post-critical", "postcritical"]
  },
  "data_keyword_categories": {
    "applied art": "embedded",
    "analytical": "critique",
    "collaborative": "critique",
    "concept": "speculative",
    "contextual": "embedded",
    "craft": "embedded",
    "critical": "critique",
    "deconstructive": "critique",
    "design": "speculative",
    "dialectical": "critique",
    "discursive": "critique",
    "engineering": "speculative",
    "evaluative": "critique",
    "exploration": "speculative",
    "explorative": "critique",
    "inquiry": "embedded",
    "intention": "speculative",
    "interdisciplinary": "critique",
    "investigative": "critique",
    "iterative": "critique",
    "making": "embedded",
    "method": "critique",
    "narrative": "critique",
    "plan": "embedded",
    "practice": "embedded",
    "project": "speculative",
    "reflective": "critique",
    "reflexive": "critique",
    "research": "embedded",
    "shape": "speculative",
    "speculative": "speculative",
    "systemic": "critique",
    "theoretical": "critique",
    "tool": "embedded",
    "work": "embedded"
  }
}
