{
  "situated": "#2c32e2",
  "situating": "#2c32e2",
  "contextual": "#504aed",
  "contextually": "#504aed",
  "context": "#504aed",
  "embedded": "#f56a87",
  "embedding": "#f56a87",
  "historical": "#f966d4",
  "historically": "#f966d4",
  "history": "#f966d4",
  "everyday": "#f4ab1a",
  "daily": "#f4ab1a",
  "local": "#4ee88f",
  "locally": "#4ee88f",
  "community": "#56e826",
  "communities": "#56e826",
  "communal": "#56e826",
  "agency": "#2ce261",
  "agentive": "#2ce261",
  "empowerment": "#90f899",
  "empower": "#90f899",
  "empowering": "#90f899",
  "participatory": "#e82676",
  "participation": "#e82676",
  "participate": "#e82676",
  "participating": "#e82676",
  "collective": "#ce167a",
  "collectively": "#ce167a",
  "collectivity": "#ce167a",
  "distributed": "#459bf2",
  "distribution": "#459bf2",
  "distributing": "#459bf2",
  "care": "#96e3f2",
  "careful": "#96e3f2",
  "carefully": "#96e3f2",
  "caring": "#96e3f2",
  "justice": "#e2432c",
  "just": "#e2432c",
  "justly": "#e2432c",
  "responsibility": "#fb8dd1",
  "responsible": "#fb8dd1",
  "responsibly": "#fb8dd1",
  "making": "#ca72ed",
  "make": "#ca72ed",
  "made": "#ca72ed",
  "maker": "#ca72ed",
  "makers": "#ca72ed",
  "speculation": "#e8764e",
  "speculative": "#e8764e",
  "speculate": "#e8764e",
  "speculating": "#e8764e",
  "speculative_design": "#2696e8",
  "speculative design": "#2696e8",
  "speculative_futures": "#ed4a78",
  "speculative future": "#ed4a78",
  "speculative futures": "#ed4a78",
  "design_fiction": "#c2ee20",
  "design fiction": "#c2ee20",
  "world_building": "#b093f5",
  "world-building": "#b093f5",
  "world building": "#b093f5",
  "worlding": "#b093f5",
  "scenario": "#55c81c",
  "scenarios": "#55c81c",
  "scenario-based": "#55c81c",
  "alternative": "#a84ee8",
  "alternatives": "#a84ee8",
  "alternatively": "#a84ee8",
  "provocation": "#6a9df5",
  "provocative": "#6a9df5",
  "provoke": "#6a9df5",
  "provoking": "#6a9df5",
  "friction": "#40f7ef",
  "frictions": "#40f7ef",
  "material": "#f2f296",
  "materials": "#f2f296",
  "materiality": "#f2f296",
  "artefact": "#edde72",
  "artefacts": "#edde72",
  "artifact": "#edde72",
  "artifacts": "#edde72",
  "research_through_design": "#66ecf9",
  "research through design": "#66ecf9",
  "research-through-design": "#66ecf9",
  "practice_based_research": "#ee20e4",
  "practice-based research": "#ee20e4",
  "practice based research": "#ee20e4",
  "critique": "#93f5d0",
  "critiques": "#93f5d0",
  "critiqued": "#93f5d0",
  "critiquing": "#93f5d0",
  "critical": "#f19a6e",
  "critically": "#f19a6e",
  "criticality": "#f19a6e",
  "interrogate": "#1c38c8",
  "interrogates": "#1c38c8",
  "interrogated": "#1c38c8",
  "interrogating": "#1c38c8",
  "interrogation": "#1c38c8",
  "problematize": "#b7f245",
  "problematizes": "#b7f245",
  "problematized": "#b7f245",
  "problematizing": "#b7f245",
  "question": "#f89098",
  "questions": "#f89098",
  "questioned": "#f89098",
  "questioning": "#f89098",
  "reframe": "#881af4",
  "reframes": "#881af4",
  "reframed": "#881af4",
  "reframing": "#881af4",
  "reflexive": "#0bda37",
  "reflexivity": "#0bda37",
  "reflexively": "#0bda37",
  "positionality": "#5ded4a",
  "positional": "#5ded4a",
  "positioned": "#5ded4a",
  "situatedness": "#5ded4a",
  "ideology": "#bffb8d",
  "ideologies": "#bffb8d",
  "ideological": "#bffb8d",
  "power": "#f5c093",
  "powers": "#f5c093",
  "powerful": "#f5c093",
  "ethics": "#590bda",
  "ethical": "#590bda",
  "ethically": "#590bda",
  "accountability": "#c81c1c",
  "accountable": "#c81c1c",
  "post_critical": "#846ef1",
  "post-critical": "#846ef1",
  "postcritical": "#846ef1",
  "applied art": "#2c32e2",
  "analytical": "#93f5d0",
  "collaborative": "#93f5d0",
  "concept": "#FF5733",
  "craft": "#33FF57",
  "deconstructive": "#93f5d0",
  "design": "#3357FF",
  "dialectical": "#93f5d0",
  "discursive": "#93f5d0",
  "engineering": "#F033FF",
  "evaluative": "#93f5d0",
  "exploration": "#FFD633",
  "explorative": "#93f5d0",
  "inquiry": "#33FFD6",
  "intention": "#FF8C33",
  "interdisciplinary": "#93f5d0",
  "investigative": "#93f5d0",
  "iterative": "#93f5d0",
  "method": "#8C33FF",
  "narrative": "#93f5d0",
  "plan": "#FF3380",
  "practice": "#33FF80",
  "project": "#80FF33",
  "reflective": "#93f5d0",
  "research": "#FF33F8",
  "shape": "#33F8FF",
  "systemic": "#93f5d0",
  "theoretical": "#93f5d0",
  "tool": "#F8FF33",
  "work": "#33FF33"
}