{
  "description": "Master keyword to color mapping - used by both chrome extension and landscape. Colors grouped by semantic similarity.",
  "keywords": [
    {"keyword": "design", "color": "#FF6B35", "group": "design", "semantic_group": "core_design"},
    {"keyword": "method", "color": "#FF8F5E", "group": "design", "semantic_group": "core_design"},
    {"keyword": "making", "color": "#FFB387", "group": "design", "semantic_group": "core_design"},
    {"keyword": "applied art", "color": "#FFC9A8", "group": "design", "semantic_group": "core_design"},
    
    {"keyword": "intention", "color": "#9B59B6", "group": "design", "semantic_group": "planning"},
    {"keyword": "plan", "color": "#AF7AC5", "group": "design", "semantic_group": "planning"},
    {"keyword": "project", "color": "#C39BD3", "group": "design", "semantic_group": "planning"},
    
    {"keyword": "research", "color": "#3498DB", "group": "design", "semantic_group": "inquiry_research"},
    {"keyword": "inquiry", "color": "#5DADE2", "group": "design", "semantic_group": "inquiry_research"},
    {"keyword": "exploration", "color": "#85C1E9", "group": "design", "semantic_group": "inquiry_research"},
    
    {"keyword": "practice", "color": "#1ABC9C", "group": "design", "semantic_group": "practice_work"},
    {"keyword": "work", "color": "#48C9B0", "group": "design", "semantic_group": "practice_work"},
    {"keyword": "craft", "color": "#76D7C4", "group": "design", "semantic_group": "practice_work"},
    
    {"keyword": "tool", "color": "#F39C12", "group": "design", "semantic_group": "tools_concepts"},
    {"keyword": "concept", "color": "#F8B739", "group": "design", "semantic_group": "tools_concepts"},
    {"keyword": "shape", "color": "#FCC75B", "group": "design", "semantic_group": "tools_concepts"},
    
    {"keyword": "engineering", "color": "#27AE60", "group": "design", "semantic_group": "technical"},
    
    {"keyword": "critical", "color": "#9B59B6", "group": "critical", "semantic_group": "core_critical"},
    {"keyword": "conceptual", "color": "#E8DAEF", "group": "critical", "semantic_group": "conceptual_theoretical"},
    {"keyword": "theoretical", "color": "#D7BDE2", "group": "critical", "semantic_group": "conceptual_theoretical"},
    
    {"keyword": "analytical", "color": "#AED6F1", "group": "critical", "semantic_group": "analytical_evaluative"},
    {"keyword": "evaluative", "color": "#85C1E9", "group": "critical", "semantic_group": "analytical_evaluative"},
    {"keyword": "investigative", "color": "#5DADE2", "group": "critical", "semantic_group": "analytical_evaluative"},
    
    {"keyword": "reflective", "color": "#FAD7A0", "group": "critical", "semantic_group": "reflective_reflexive"},
    {"keyword": "reflexive", "color": "#F8C471", "group": "critical", "semantic_group": "reflective_reflexive"},
    
    {"keyword": "collaborative", "color": "#A9DFBF", "group": "critical", "semantic_group": "social_collaborative"},
    {"keyword": "interdisciplinary", "color": "#82E0AA", "group": "critical", "semantic_group": "social_collaborative"},
    {"keyword": "contextual", "color": "#7DCEA0", "group": "critical", "semantic_group": "social_collaborative"},
    
    {"keyword": "iterative", "color": "#D5DBDB", "group": "critical", "semantic_group": "process_systemic"},
    {"keyword": "systemic", "color": "#BDC3C7", "group": "critical", "semantic_group": "process_systemic"},
    
    {"keyword": "speculative", "color": "#F1948A", "group": "critical", "semantic_group": "speculative_narrative"},
    {"keyword": "narrative", "color": "#EC7063", "group": "critical", "semantic_group": "speculative_narrative"},
    
    {"keyword": "explorative", "color": "#BB8FCE", "group": "critical", "semantic_group": "exploratory"},
    {"keyword": "deconstructive", "color": "#A569BD", "group": "critical", "semantic_group": "exploratory"},
    
    {"keyword": "dialectical", "color": "#85929E", "group": "critical", "semantic_group": "dialogic"},
    {"keyword": "discursive", "color": "#717D7E", "group": "critical", "semantic_group": "dialogic"}
  ]
}
